case_id,case_type,direct_gap_relation,warmup_path_qualified,holdout_eligible,reason
P01,positive,true,false,false,电子行业3个成员缺原认证字节且完整84日状态重放未执行
P02,positive,false,false,false,完整84日板块面板与状态初始化未认证
P03,positive,false,false,false,完整84日板块面板与状态初始化未认证
P04,positive,false,false,false,完整84日板块面板与状态初始化未认证
P05,positive,false,false,false,完整84日板块面板与状态初始化未认证
P06,positive,true,false,false,计算机行业1个成员缺原认证字节且完整84日状态重放未执行
P07,positive,true,false,false,机械设备行业2个成员缺原认证字节且完整84日状态重放未执行
P08,positive,false,false,false,完整84日板块面板与状态初始化未认证
P09,positive,false,false,false,完整84日板块面板与状态初始化未认证
P10,positive,false,false,false,完整84日板块面板与状态初始化未认证
N01,negative,false,false,false,完整84日板块面板与状态初始化未认证
N02,negative,false,false,false,完整84日板块面板与状态初始化未认证
N03,negative,false,false,false,完整84日板块面板与状态初始化未认证
N04,negative,false,false,false,完整84日板块面板与状态初始化未认证
N05,negative,true,false,false,传媒行业1个成员缺原认证字节且完整84日状态重放未执行
N06,negative,true,false,false,纺织服饰行业1个成员缺原认证字节且完整84日状态重放未执行
N07,negative,false,false,false,完整84日板块面板与状态初始化未认证
N08,negative,false,false,false,完整84日板块面板与状态初始化未认证
N09,negative,false,false,false,完整84日板块面板与状态初始化未认证
N10,negative,false,false,false,完整84日板块面板与状态初始化未认证
A01,ambiguous,true,false,false,传媒行业1个成员缺原认证字节且完整84日状态重放未执行
A02,ambiguous,false,false,false,完整84日板块面板与状态初始化未认证
A03,ambiguous,false,false,false,完整84日板块面板与状态初始化未认证
A04,ambiguous,false,false,false,完整84日板块面板与状态初始化未认证
A05,ambiguous,false,false,false,完整84日板块面板与状态初始化未认证
