case_id,case_type,object_id,warmup_start_date,initialization_as_of,required_sessions,available_sessions,membership_ok,market_data_ok,indicator_window_ok,state_initialization_ok,counter_initialization_ok,freeze_ok,deterministic_ok,qualification_status,holdout_reusable
P01,positive,sw1_classification_270000,2024-05-06,2024-08-30,84,84,true,true,true,true,true,true,true,PASS,false
P02,positive,sw1_classification_630000,2024-05-06,2024-08-30,84,84,true,true,true,true,true,true,true,PASS,false
P03,positive,sw1_classification_480000,2024-05-06,2024-09-27,84,102,true,true,true,true,true,true,true,PASS,false
P04,positive,sw1_classification_450000,2024-05-06,2024-10-11,84,107,true,true,true,true,true,true,true,PASS,false
P05,positive,sw1_classification_460000,2024-05-06,2024-10-11,84,107,true,true,true,true,true,true,true,PASS,false
P06,positive,sw1_classification_710000,2024-05-06,2024-12-13,84,152,true,true,true,true,true,true,true,PASS,false
P07,positive,sw1_classification_640000,2024-05-06,2024-12-13,84,152,true,true,true,true,true,true,true,PASS,false
P08,positive,sw1_classification_280000,2024-05-06,2024-12-13,84,152,true,true,true,true,true,true,true,PASS,false
P09,positive,sw1_classification_240000,2024-05-06,2025-03-18,84,212,true,true,true,true,true,true,true,PASS,false
P10,positive,sw1_classification_650000,2024-05-06,2025-03-18,84,212,true,true,true,true,true,true,true,PASS,false
N01,negative,sw1_classification_770000,2024-05-06,2024-08-30,84,84,true,true,true,true,true,true,true,PASS,false
N02,negative,sw1_classification_430000,2024-05-06,2024-08-30,84,84,true,true,true,true,true,true,true,PASS,false
N03,negative,sw1_classification_340000,2024-05-06,2024-08-30,84,84,true,true,true,true,true,true,true,PASS,false
N04,negative,sw1_classification_340000,2024-05-06,2024-10-28,84,118,true,true,true,true,true,true,true,PASS,false
N05,negative,sw1_classification_720000,2024-05-06,2024-12-25,84,160,true,true,true,true,true,true,true,PASS,false
N06,negative,sw1_classification_350000,2024-05-06,2024-11-01,84,122,true,true,true,true,true,true,true,PASS,false
N07,negative,sw1_classification_460000,2024-05-06,2024-11-01,84,122,true,true,true,true,true,true,true,PASS,false
N08,negative,sw1_classification_740000,2024-05-06,2024-11-15,84,132,true,true,true,true,true,true,true,PASS,false
N09,negative,sw1_classification_730000,2024-05-06,2024-11-15,84,132,true,true,true,true,true,true,true,PASS,false
N10,negative,sw1_classification_430000,2024-05-06,2024-09-12,84,93,true,true,true,true,true,true,true,PASS,false
A01,ambiguous,sw1_classification_720000,2024-05-06,2024-12-13,84,152,true,true,true,true,true,true,true,PASS,false
A02,ambiguous,sw1_classification_730000,2024-05-06,2025-02-28,84,200,true,true,true,true,true,true,true,PASS,false
A03,ambiguous,sw1_classification_490000,2024-05-06,2024-08-30,84,84,true,true,true,true,true,true,true,PASS,false
A04,ambiguous,sw1_classification_240000,2024-05-06,2024-12-25,84,160,true,true,true,true,true,true,true,PASS,false
A05,ambiguous,sw1_classification_340000,2024-05-06,2025-02-21,84,195,true,true,true,true,true,true,true,PASS,false
