as_of_date,object_id,taxonomy_code,taxonomy_version,member_count,valid_member_count,sector_return,benchmark_return,rs_5,rs_10,rs_20,turnover_share,turnover_intensity,up_ratio,above_ma20,above_ma60,new_high_60,top3_turnover_share,turnover_cap_deviation,top3_return_contribution,critical_data_ok,stage_frozen,freeze_reason,run_id,rule_version,profile_id
2019-06-28,sw1_801080,801080,SW2014,189,187,-0.01860966104104813,-0.014415677467047862,0.004375819500975764,0.007063742725585964,-0.0003306580960465988,0.0729051195388422,1.251617169224859,0.13368983957219252,0.5380434782608695,0.22807017543859648,0.029239766081871343,0.12766856915192576,,,True,False,,7fe5ad62-ab71-4759-a334-08dffe980d97,mainline_v2.2.1,industry_trend_v2_2_1_benchmark_close
2019-06-28,sw1_801120,801120,SW2014,33,32,-0.00567108999946875,-0.014415677467047862,0.018822895348638458,0.015558075793629333,0.007874552604817842,0.008614294493139545,1.0384280313801675,0.21875,0.7096774193548387,0.3793103448275862,0.0,0.3642853658251133,,,True,False,,7fe5ad62-ab71-4759-a334-08dffe980d97,mainline_v2.2.1,industry_trend_v2_2_1_benchmark_close
2019-06-28,sw1_801790,801790,SW2014,50,48,-0.005254084249104167,-0.014415677467047862,0.000470132968311221,0.04762873443279947,0.08054530946074001,0.06565001767060355,1.1623029874680981,0.25,0.8958333333333334,0.4166666666666667,0.041666666666666664,0.36320306961959964,,,True,False,,7fe5ad62-ab71-4759-a334-08dffe980d97,mainline_v2.2.1,industry_trend_v2_2_1_benchmark_close
2020-06-30,sw1_801050,801050,SW2014,118,116,0.011265479189758622,0.014680265373482326,-0.011493010459869502,-0.021850207644976916,-0.04597981137280427,0.025459198485721847,0.8196846336124387,0.7844827586206896,0.42105263157894735,0.5333333333333333,0.0761904761904762,0.2185112472489736,,,True,False,,7fe5ad62-ab71-4759-a334-08dffe980d97,mainline_v2.2.1,industry_trend_v2_2_1_benchmark_close
2020-06-30,sw1_801120,801120,SW2014,38,38,0.024529566480871463,0.014680265373482326,0.017750028757110847,0.02710443239438387,-0.008835677825392851,0.01067756694027565,0.8227865810057945,0.8947368421052632,0.6052631578947368,0.7837837837837838,0.16216216216216217,0.255461939289605,,,True,False,,7fe5ad62-ab71-4759-a334-08dffe980d97,mainline_v2.2.1,industry_trend_v2_2_1_benchmark_close
2020-06-30,sw1_801790,801790,SW2014,53,52,0.024300797396673075,0.014680265373482326,0.0034058578005149442,0.026982740403946215,0.0320309501387217,0.05558814335603128,1.5117810124091737,0.9807692307692307,0.74,0.72,0.1,0.24960331534736552,,,True,False,,7fe5ad62-ab71-4759-a334-08dffe980d97,mainline_v2.2.1,industry_trend_v2_2_1_benchmark_close
2021-12-31,sw1_801080,801080,SW2021,361,353,0.0006812605927393768,0.0062364765473344975,-0.008236369965644252,-0.007778469608039185,-0.04922347123008297,0.08035515843833527,0.8067563481575256,0.49575070821529743,0.5331412103746398,0.6526946107784432,0.041916167664670656,0.08896633405030786,,,True,False,,7fe5ad62-ab71-4759-a334-08dffe980d97,mainline_v2.2.1,industry_trend_v2_2_1_benchmark_close
2021-12-31,sw1_801780,801780,SW2021,42,41,0.001160985065390244,0.0062364765473344975,-0.029799085842599604,-0.019230149185482603,-0.03168129559918065,0.011946173721349556,0.9528301192044787,0.5365853658536586,0.34146341463414637,0.325,0.0,0.5007096674948351,,,True,False,,7fe5ad62-ab71-4759-a334-08dffe980d97,mainline_v2.2.1,industry_trend_v2_2_1_benchmark_close
2021-12-31,sw1_801890,801890,SW2021,472,458,0.005840610761969432,0.0062364765473344975,0.011388171893892629,-0.007424170714814604,-0.019279880455001175,0.05704757848565084,1.016278198162835,0.5764192139737991,0.5511111111111111,0.6572769953051644,0.09624413145539906,0.12172110337995647,,,True,False,,7fe5ad62-ab71-4759-a334-08dffe980d97,mainline_v2.2.1,industry_trend_v2_2_1_benchmark_close
2023-06-30,sw1_801050,801050,SW2021,141,137,0.014697126959014596,0.010949111354118074,0.01619178495957696,0.0007108671644373565,-0.003882217573931479,0.03211092893382774,1.089655726517247,0.8686131386861314,0.5661764705882353,0.34074074074074073,0.05185185185185185,0.14101744506429162,,,True,False,,7fe5ad62-ab71-4759-a334-08dffe980d97,mainline_v2.2.1,industry_trend_v2_2_1_benchmark_close
2023-06-30,sw1_801120,801120,SW2021,125,121,0.004795624299214876,0.010949111354118074,-0.023153293995175073,-0.05613867792417626,-0.013321160186154257,0.023701341530081372,0.9125888676631047,0.7024793388429752,0.2727272727272727,0.16666666666666666,0.0,0.3059300136651197,,,True,False,,7fe5ad62-ab71-4759-a334-08dffe980d97,mainline_v2.2.1,industry_trend_v2_2_1_benchmark_close
2023-06-30,sw1_801890,801890,SW2021,550,531,0.008221651428261768,0.010949111354118074,0.019211298566585988,0.0673466417792068,0.04928539875093518,0.09158035082432717,1.7027932762979623,0.6026365348399246,0.8568702290076335,0.7292490118577075,0.13043478260869565,0.10101911474147553,,,True,False,,7fe5ad62-ab71-4759-a334-08dffe980d97,mainline_v2.2.1,industry_trend_v2_2_1_benchmark_close
2025-06-30,sw1_801080,801080,SW2021,491,480,0.015826994863166667,0.013118222920326056,0.008764465417699707,0.04690313261621415,0.04612354519117612,0.13610807355366145,1.1768164619359767,0.8645833333333334,0.9234042553191489,0.8466522678185745,0.20086393088552915,0.06600756901234603,,,True,False,,7fe5ad62-ab71-4759-a334-08dffe980d97,mainline_v2.2.1,industry_trend_v2_2_1_benchmark_close
2025-06-30,sw1_801780,801780,SW2021,42,42,-0.007226056170928572,0.013118222920326056,-0.06368541028973584,-0.022203530680709793,-0.018655205834163358,0.02175515957206463,1.0020887075313747,0.11904761904761904,0.5714285714285714,0.9523809523809523,0.023809523809523808,0.22722620474031904,,,True,False,,7fe5ad62-ab71-4759-a334-08dffe980d97,mainline_v2.2.1,industry_trend_v2_2_1_benchmark_close
2025-06-30,sw1_801890,801890,SW2021,600,582,0.015936674686432988,0.013118222920326056,0.007523913057777776,0.0007978904034631196,-0.011138643557789374,0.06551129603158114,0.8205316777546148,0.852233676975945,0.8128249566724437,0.7464539007092199,0.12234042553191489,0.04007840453985634,,,True,False,,7fe5ad62-ab71-4759-a334-08dffe980d97,mainline_v2.2.1,industry_trend_v2_2_1_benchmark_close
