trade_date,object_id,old_status,new_v221_acceptance,member_count,valid_member_count,OHLCV_coverage,amount_coverage,MA20_coverage,MA60_coverage,NEW_HIGH60_coverage,old_sector_return,old_benchmark_return,old_rs_5,old_rs_10,old_rs_20,old_turnover_share,old_turnover_intensity,old_up_ratio,old_above_ma20,old_above_ma60,old_new_high_60,old_top3_turnover_share,old_turnover_cap_deviation,old_top3_return_contribution,old_metric_coverage_json,old_critical_data_ok,old_stage_frozen,old_freeze_reason,old_source_snapshot_ids,old_run_id,old_rule_version,old_parameter_profile,old_pit_level,old_knowledge_time_unverified,new_rule_version,new_parameter_profile,new_metric_availability_version,new_turnover_cap_deviation_policy,new_top3_return_contribution_policy,new_snapshots_written
2019-06-28,sw1_801080,PARTIAL,NOT_RECOMPUTED_BLOCKED_BENCHMARK_CONTRACT,189,12,NOT_SEPARATELY_RECORDED,NOT_SEPARATELY_RECORDED,0.06349206349206349,0.06349206349206349,0.06349206349206349,,-0.007359026619726983,,,,0.004233321190215749,0.8098934640009892,,,,,0.6379363398893191,,,"{""above_ma20"": 0.06349206349206349, ""above_ma60"": 0.06349206349206349, ""member"": 1, ""new_high_60"": 0.06349206349206349, ""rs_10"": 0, ""rs_20"": 0, ""rs_5"": 0, ""sector_return"": 0.06349206349206349, ""top3_return_contribution"": 0.06349206349206349, ""top3_turnover_share"": 0.06349206349206349, ""turnover_cap_deviation"": 0, ""turnover_share"": 1, ""up_ratio"": 0.06349206349206349}",False,True,sector_return_coverage=0.0635<0.7000;breadth_coverage<0.7000,"[""9defdda0-426a-5df5-9218-8bf333c0cc33"", ""d6eebd21-a022-5a6c-8ff2-8c82a06b129f"", ""504343f5-20ea-5f18-8a53-e7da0d21f7a4""]",edb6a3d5-2acf-5286-977e-b0acd6b12640,mainline_v2.2.0,industry_trend_v2_2_1,effective_pit,True,mainline_v2.2.1,industry_trend_v2_2_1_fast_close,mainline_metric_availability_v2.2.1_deferred_circ_mv,NULL,NULL,False
2019-06-28,sw1_801120,SUCCESS,NOT_RECOMPUTED_BLOCKED_BENCHMARK_CONTRACT,33,32,NOT_SEPARATELY_RECORDED,NOT_SEPARATELY_RECORDED,0.9393939393939394,0.9090909090909091,0.9090909090909091,-0.00566875,-0.007359026619726983,0.0083047003601876,0.015881280632331185,-0.014982222398208123,0.00861514480293029,1.0385173160051482,0.21875,0.7096774193548387,0.36666666666666664,0,0.364285367883537,,0.8275442870062225,"{""above_ma20"": 0.9393939393939394, ""above_ma60"": 0.9090909090909091, ""member"": 1, ""new_high_60"": 0.9090909090909091, ""rs_10"": 1, ""rs_20"": 1, ""rs_5"": 1, ""sector_return"": 0.9696969696969697, ""top3_return_contribution"": 0.9696969696969697, ""top3_turnover_share"": 0.9696969696969697, ""turnover_cap_deviation"": 0, ""turnover_share"": 1, ""up_ratio"": 0.9696969696969697}",True,False,,"[""b7b15772-396e-56f3-a8e0-867938d9d0f0""]",8e59047b-0346-547e-a036-db09b21377ce,mainline_v2.2.0,industry_trend_v2_2_1,effective_pit,True,mainline_v2.2.1,industry_trend_v2_2_1_fast_close,mainline_metric_availability_v2.2.1_deferred_circ_mv,NULL,NULL,False
2019-06-28,sw1_801790,PARTIAL,NOT_RECOMPUTED_BLOCKED_BENCHMARK_CONTRACT,50,0,NOT_SEPARATELY_RECORDED,NOT_SEPARATELY_RECORDED,0,0,0,,-0.007359026619726983,,,,,,,,,,,,,"{""above_ma20"": 0, ""above_ma60"": 0, ""member"": 1, ""new_high_60"": 0, ""rs_10"": 0, ""rs_20"": 0, ""rs_5"": 0, ""sector_return"": 0, ""top3_return_contribution"": 0, ""top3_turnover_share"": 0, ""turnover_cap_deviation"": 0, ""turnover_share"": 0, ""up_ratio"": 0}",False,True,sector_return_coverage=0.0000<0.7000;breadth_coverage<0.7000,"[""c5ebabfe-d2aa-5ecb-b0c3-e2b440c8862c"", ""3afba42f-8fd0-57f7-902e-9c22f69fa936"", ""504343f5-20ea-5f18-8a53-e7da0d21f7a4""]",36303d35-fcd5-58db-9612-42fb8ee7154a,mainline_v2.2.0,industry_trend_v2_2_1,effective_pit,True,mainline_v2.2.1,industry_trend_v2_2_1_fast_close,mainline_metric_availability_v2.2.1_deferred_circ_mv,NULL,NULL,False
2020-06-30,sw1_801050,PARTIAL,NOT_RECOMPUTED_BLOCKED_BENCHMARK_CONTRACT,118,0,NOT_SEPARATELY_RECORDED,NOT_SEPARATELY_RECORDED,0,0,0,,0.015383206666056193,,,,,,,,,,,,,"{""above_ma20"": 0, ""above_ma60"": 0, ""member"": 1, ""new_high_60"": 0, ""rs_10"": 0, ""rs_20"": 0, ""rs_5"": 0, ""sector_return"": 0, ""top3_return_contribution"": 0, ""top3_turnover_share"": 0, ""turnover_cap_deviation"": 0, ""turnover_share"": 0, ""up_ratio"": 0}",False,True,sector_return_coverage=0.0000<0.7000;breadth_coverage<0.7000,"[""9f5c286b-fe4b-5a6d-882a-292a557760f0"", ""3afba42f-8fd0-57f7-902e-9c22f69fa936"", ""504343f5-20ea-5f18-8a53-e7da0d21f7a4""]",aa3d364c-d790-5008-b599-15aeb17497f5,mainline_v2.2.0,industry_trend_v2_2_1,effective_pit,True,mainline_v2.2.1,industry_trend_v2_2_1_fast_close,mainline_metric_availability_v2.2.1_deferred_circ_mv,NULL,NULL,False
2020-06-30,sw1_801120,PARTIAL,NOT_RECOMPUTED_BLOCKED_BENCHMARK_CONTRACT,38,0,NOT_SEPARATELY_RECORDED,NOT_SEPARATELY_RECORDED,0,0,0,,0.015383206666056193,,,,,,,,,,,,,"{""above_ma20"": 0, ""above_ma60"": 0, ""member"": 1, ""new_high_60"": 0, ""rs_10"": 0, ""rs_20"": 0, ""rs_5"": 0, ""sector_return"": 0, ""top3_return_contribution"": 0, ""top3_turnover_share"": 0, ""turnover_cap_deviation"": 0, ""turnover_share"": 0, ""up_ratio"": 0}",False,True,sector_return_coverage=0.0000<0.7000;breadth_coverage<0.7000,"[""ae1dcef9-5bf0-50e5-b5f9-e9c24392b5d6"", ""3afba42f-8fd0-57f7-902e-9c22f69fa936"", ""b7b15772-396e-56f3-a8e0-867938d9d0f0""]",8e59047b-0346-547e-a036-db09b21377ce,mainline_v2.2.0,industry_trend_v2_2_1,effective_pit,True,mainline_v2.2.1,industry_trend_v2_2_1_fast_close,mainline_metric_availability_v2.2.1_deferred_circ_mv,NULL,NULL,False
2020-06-30,sw1_801790,SUCCESS,NOT_RECOMPUTED_BLOCKED_BENCHMARK_CONTRACT,53,40,NOT_SEPARATELY_RECORDED,NOT_SEPARATELY_RECORDED,0.7358490566037735,0.7358490566037735,0.7358490566037735,0.0241375,0.015383206666056193,-0.007837394826082367,0.008793880922968622,0.022357320592056418,0.048057651750271685,1.5006874879414418,0.975,0.6923076923076923,0.6666666666666666,0.10256410256410256,0.3003784972748619,,0.3571258821753042,"{""above_ma20"": 0.7358490566037735, ""above_ma60"": 0.7358490566037735, ""member"": 1, ""new_high_60"": 0.7358490566037735, ""rs_10"": 1, ""rs_20"": 1, ""rs_5"": 1, ""sector_return"": 0.7547169811320755, ""top3_return_contribution"": 0.7547169811320755, ""top3_turnover_share"": 0.7547169811320755, ""turnover_cap_deviation"": 0, ""turnover_share"": 1, ""up_ratio"": 0.7547169811320755}",True,False,,"[""ed7eac02-2a93-543c-af4d-a5b847d2329d"", ""8a676b08-5435-5922-b5e2-1af1e967ad43"", ""504343f5-20ea-5f18-8a53-e7da0d21f7a4""]",b3dae19d-9a5d-56df-a177-92bfe4749d41,mainline_v2.2.0,industry_trend_v2_2_1,effective_pit,True,mainline_v2.2.1,industry_trend_v2_2_1_fast_close,mainline_metric_availability_v2.2.1_deferred_circ_mv,NULL,NULL,False
2021-12-31,sw1_801080,PARTIAL,NOT_RECOMPUTED_BLOCKED_BENCHMARK_CONTRACT,361,0,NOT_SEPARATELY_RECORDED,NOT_SEPARATELY_RECORDED,0,0,0,,0.005726879929542017,,,,,,,,,,,,,"{""above_ma20"": 0, ""above_ma60"": 0, ""member"": 1, ""new_high_60"": 0, ""rs_10"": 0, ""rs_20"": 0, ""rs_5"": 0, ""sector_return"": 0, ""top3_return_contribution"": 0, ""top3_turnover_share"": 0, ""turnover_cap_deviation"": 0, ""turnover_share"": 0, ""up_ratio"": 0}",False,True,sector_return_coverage=0.0000<0.7000;breadth_coverage<0.7000,"[""d5cbf8fd-c9ce-5c62-a427-e2511bc0c093"", ""3afba42f-8fd0-57f7-902e-9c22f69fa936"", ""504343f5-20ea-5f18-8a53-e7da0d21f7a4""]",a0184f80-86ee-5e67-9613-962ad5543259,mainline_v2.2.0,industry_trend_v2_2_1,effective_pit,True,mainline_v2.2.1,industry_trend_v2_2_1_fast_close,mainline_metric_availability_v2.2.1_deferred_circ_mv,NULL,NULL,False
2021-12-31,sw1_801780,SUCCESS,NOT_RECOMPUTED_BLOCKED_BENCHMARK_CONTRACT,42,41,NOT_SEPARATELY_RECORDED,NOT_SEPARATELY_RECORDED,0.9761904761904762,0.9761904761904762,0.9761904761904762,0.001168292682926829,0.005726879929542017,-0.014906336920055385,-0.00776983077093385,-0.01116509772015628,0.01255298315120294,0.9549351456187005,0.5365853658536586,0.34146341463414637,0.34146341463414637,0,0.5007096671796816,,0.7373947154605267,"{""above_ma20"": 0.9761904761904762, ""above_ma60"": 0.9761904761904762, ""member"": 1, ""new_high_60"": 0.9761904761904762, ""rs_10"": 1, ""rs_20"": 1, ""rs_5"": 1, ""sector_return"": 0.9761904761904762, ""top3_return_contribution"": 0.9761904761904762, ""top3_turnover_share"": 0.9761904761904762, ""turnover_cap_deviation"": 0, ""turnover_share"": 1, ""up_ratio"": 0.9761904761904762}",True,False,,"[""b7b15772-396e-56f3-a8e0-867938d9d0f0""]",8e59047b-0346-547e-a036-db09b21377ce,mainline_v2.2.0,industry_trend_v2_2_1,effective_pit,True,mainline_v2.2.1,industry_trend_v2_2_1_fast_close,mainline_metric_availability_v2.2.1_deferred_circ_mv,NULL,NULL,False
2021-12-31,sw1_801890,PARTIAL,NOT_RECOMPUTED_BLOCKED_BENCHMARK_CONTRACT,472,43,NOT_SEPARATELY_RECORDED,NOT_SEPARATELY_RECORDED,0.09110169491525423,0.09110169491525423,0.09110169491525423,,0.005726879929542017,,,,0.007432931407603137,1.1403071010713601,,,,,0.36502446568318647,,,"{""above_ma20"": 0.09110169491525423, ""above_ma60"": 0.09110169491525423, ""member"": 1, ""new_high_60"": 0.09110169491525423, ""rs_10"": 0, ""rs_20"": 0, ""rs_5"": 0, ""sector_return"": 0.09110169491525423, ""top3_return_contribution"": 0.09110169491525423, ""top3_turnover_share"": 0.09110169491525423, ""turnover_cap_deviation"": 0, ""turnover_share"": 1, ""up_ratio"": 0.09110169491525423}",False,True,sector_return_coverage=0.0911<0.7000;breadth_coverage<0.7000,"[""7fc1a826-c934-5a51-bff0-98cbdb1110b0"", ""75074638-f4f5-5fb6-82df-4df4e42350e8"", ""504343f5-20ea-5f18-8a53-e7da0d21f7a4""]",2429ba2d-2031-5eaf-8fb1-0968200bcd90,mainline_v2.2.0,industry_trend_v2_2_1,effective_pit,True,mainline_v2.2.1,industry_trend_v2_2_1_fast_close,mainline_metric_availability_v2.2.1_deferred_circ_mv,NULL,NULL,False
2023-06-30,sw1_801050,PARTIAL,NOT_RECOMPUTED_BLOCKED_BENCHMARK_CONTRACT,141,39,NOT_SEPARATELY_RECORDED,NOT_SEPARATELY_RECORDED,0.2765957446808511,0.2765957446808511,0.2765957446808511,,0.008693176782745837,,,,0.009098684146880658,0.9877870968562837,,,,,0.2950571447565141,,,"{""above_ma20"": 0.2765957446808511, ""above_ma60"": 0.2765957446808511, ""member"": 1, ""new_high_60"": 0.2765957446808511, ""rs_10"": 0, ""rs_20"": 0, ""rs_5"": 0, ""sector_return"": 0.2765957446808511, ""top3_return_contribution"": 0.2765957446808511, ""top3_turnover_share"": 0.2765957446808511, ""turnover_cap_deviation"": 0, ""turnover_share"": 1, ""up_ratio"": 0.2765957446808511}",False,True,sector_return_coverage=0.2766<0.7000;breadth_coverage<0.7000,"[""e04ccf00-600b-5057-9320-d01c4b9b5074"", ""1a7bf87d-df72-54ab-b5f0-9137f6679a95"", ""504343f5-20ea-5f18-8a53-e7da0d21f7a4""]",0bcbc17a-812c-5711-b115-eec41ab175e5,mainline_v2.2.0,industry_trend_v2_2_1,effective_pit,True,mainline_v2.2.1,industry_trend_v2_2_1_fast_close,mainline_metric_availability_v2.2.1_deferred_circ_mv,NULL,NULL,False
2023-06-30,sw1_801120,SUCCESS,NOT_RECOMPUTED_BLOCKED_BENCHMARK_CONTRACT,125,99,NOT_SEPARATELY_RECORDED,NOT_SEPARATELY_RECORDED,0.8,0.792,0.792,0.0037101010101010102,0.008693176782745837,-0.007173302140326188,-0.0493562145491927,-0.021885011291452594,0.024043378629010684,0.9134661322465734,0.6666666666666666,0.26,0.18181818181818182,0.010101010101010102,0.32996101171977915,,0.4577905398846309,"{""above_ma20"": 0.8, ""above_ma60"": 0.792, ""member"": 1, ""new_high_60"": 0.792, ""rs_10"": 1, ""rs_20"": 1, ""rs_5"": 1, ""sector_return"": 0.792, ""top3_return_contribution"": 0.792, ""top3_turnover_share"": 0.792, ""turnover_cap_deviation"": 0, ""turnover_share"": 1, ""up_ratio"": 0.792}",True,False,,"[""33be5223-7283-5dc0-b26f-2df2a3e60a8f"", ""fd9f2a97-2741-5329-9f7e-01a280414aac"", ""b7b15772-396e-56f3-a8e0-867938d9d0f0""]",8e59047b-0346-547e-a036-db09b21377ce,mainline_v2.2.0,industry_trend_v2_2_1,effective_pit,True,mainline_v2.2.1,industry_trend_v2_2_1_fast_close,mainline_metric_availability_v2.2.1_deferred_circ_mv,NULL,NULL,False
2023-06-30,sw1_801890,PARTIAL,NOT_RECOMPUTED_BLOCKED_BENCHMARK_CONTRACT,550,0,NOT_SEPARATELY_RECORDED,NOT_SEPARATELY_RECORDED,0,0,0,,0.008693176782745837,,,,,,,,,,,,,"{""above_ma20"": 0, ""above_ma60"": 0, ""member"": 1, ""new_high_60"": 0, ""rs_10"": 0, ""rs_20"": 0, ""rs_5"": 0, ""sector_return"": 0, ""top3_return_contribution"": 0, ""top3_turnover_share"": 0, ""turnover_cap_deviation"": 0, ""turnover_share"": 0, ""up_ratio"": 0}",False,True,sector_return_coverage=0.0000<0.7000;breadth_coverage<0.7000,"[""7c562127-80ce-5006-ba8c-3d7f33837c29"", ""3afba42f-8fd0-57f7-902e-9c22f69fa936"", ""504343f5-20ea-5f18-8a53-e7da0d21f7a4""]",760635a0-d510-59a8-97bc-7596570916f5,mainline_v2.2.0,industry_trend_v2_2_1,effective_pit,True,mainline_v2.2.1,industry_trend_v2_2_1_fast_close,mainline_metric_availability_v2.2.1_deferred_circ_mv,NULL,NULL,False
2025-06-30,sw1_801080,PARTIAL,NOT_RECOMPUTED_BLOCKED_BENCHMARK_CONTRACT,491,0,NOT_SEPARATELY_RECORDED,NOT_SEPARATELY_RECORDED,0,0,0,,0.008638613213228785,,,,,,,,,,,,,"{""above_ma20"": 0, ""above_ma60"": 0, ""member"": 1, ""new_high_60"": 0, ""rs_10"": 0, ""rs_20"": 0, ""rs_5"": 0, ""sector_return"": 0, ""top3_return_contribution"": 0, ""top3_turnover_share"": 0, ""turnover_cap_deviation"": 0, ""turnover_share"": 0, ""up_ratio"": 0}",False,True,sector_return_coverage=0.0000<0.7000;breadth_coverage<0.7000,"[""fc82b144-5ab0-518c-b870-3cd3e886fb57"", ""3afba42f-8fd0-57f7-902e-9c22f69fa936"", ""504343f5-20ea-5f18-8a53-e7da0d21f7a4""]",a4c17177-a413-53ae-a396-ebcc1a7dc665,mainline_v2.2.0,industry_trend_v2_2_1,effective_pit,True,mainline_v2.2.1,industry_trend_v2_2_1_fast_close,mainline_metric_availability_v2.2.1_deferred_circ_mv,NULL,NULL,False
2025-06-30,sw1_801780,SUCCESS,NOT_RECOMPUTED_BLOCKED_BENCHMARK_CONTRACT,42,42,NOT_SEPARATELY_RECORDED,NOT_SEPARATELY_RECORDED,1,1,1,-0.007223809523809524,0.008638613213228785,-0.0532314816805739,-0.018303995537190865,-0.009054022217040991,0.022160345079184497,1.0021015450189472,0.11904761904761904,0.5714285714285714,0.9523809523809523,0.023809523809523808,0.2272262047454943,,0.9435664419918749,"{""above_ma20"": 1, ""above_ma60"": 1, ""member"": 1, ""new_high_60"": 1, ""rs_10"": 1, ""rs_20"": 1, ""rs_5"": 1, ""sector_return"": 1, ""top3_return_contribution"": 1, ""top3_turnover_share"": 1, ""turnover_cap_deviation"": 0, ""turnover_share"": 1, ""up_ratio"": 1}",True,False,,"[""b7b15772-396e-56f3-a8e0-867938d9d0f0""]",8e59047b-0346-547e-a036-db09b21377ce,mainline_v2.2.0,industry_trend_v2_2_1,effective_pit,True,mainline_v2.2.1,industry_trend_v2_2_1_fast_close,mainline_metric_availability_v2.2.1_deferred_circ_mv,NULL,NULL,False
2025-06-30,sw1_801890,PARTIAL,NOT_RECOMPUTED_BLOCKED_BENCHMARK_CONTRACT,600,226,NOT_SEPARATELY_RECORDED,NOT_SEPARATELY_RECORDED,0.375,0.37333333333333335,0.37333333333333335,,0.008638613213228785,,,,0.026346832976643735,0.8237071688561032,,,,,0.10151084505192155,,,"{""above_ma20"": 0.375, ""above_ma60"": 0.37333333333333335, ""member"": 1, ""new_high_60"": 0.37333333333333335, ""rs_10"": 0, ""rs_20"": 0, ""rs_5"": 0, ""sector_return"": 0.37666666666666665, ""top3_return_contribution"": 0.37666666666666665, ""top3_turnover_share"": 0.37666666666666665, ""turnover_cap_deviation"": 0, ""turnover_share"": 1, ""up_ratio"": 0.37666666666666665}",False,True,sector_return_coverage=0.3767<0.7000;breadth_coverage<0.7000,"[""b7b15772-396e-56f3-a8e0-867938d9d0f0""]",8e59047b-0346-547e-a036-db09b21377ce,mainline_v2.2.0,industry_trend_v2_2_1,effective_pit,True,mainline_v2.2.1,industry_trend_v2_2_1_fast_close,mainline_metric_availability_v2.2.1_deferred_circ_mv,NULL,NULL,False
