case_id,case_name,case_type,first_S1_date,first_S2_date,event_first_S1_date,event_first_S2_date,S1_lag_observed,S2_lag_observed,S1_detected,S2_detected,event_S2_detected,MISS,miss_category,confirmed_duration,false_S2_days,false_confirmation_count,inherited_S2_at_event_start,transition_count,reversal_count,short_interval_reversal_count,lifecycle_count,reentry_count,retired_state_reentry_count,freeze_days
P01,电子：秋季科技行情,positive,2024-09-02,NULL,2024-10-18,NULL,-27,NULL,True,False,False,True,S1_without_S2,0,NULL,NULL,False,8,7,4,4,3,0,8
P02,电力设备：秋季制造行情,positive,2024-09-04,NULL,2024-10-22,NULL,-25,NULL,True,False,False,True,S1_without_S2,0,NULL,NULL,False,10,9,2,5,4,0,6
P03,银行：年末红利价值,positive,2024-09-30,NULL,2024-11-18,NULL,-30,NULL,True,False,False,True,S1_without_S2,0,NULL,NULL,False,17,16,12,9,8,0,0
P04,商贸零售：消费政策扩散,positive,2024-10-15,2024-11-28,2024-11-25,2024-11-28,-29,3,True,True,True,False,NULL,11,NULL,NULL,False,10,6,3,4,3,0,1
P05,社会服务：消费扩散,positive,2024-10-21,2024-12-13,2024-11-25,2024-12-13,-25,14,True,True,True,False,NULL,5,NULL,NULL,False,20,16,12,10,9,1,0
P06,计算机：春节后AI,positive,2024-12-20,2025-01-27,2025-03-05,2025-02-05,-26,-1,True,True,True,False,NULL,11,NULL,NULL,True,11,7,2,6,5,1,0
P07,机械设备：机器人制造,positive,2024-12-24,2025-01-22,NULL,2025-02-05,-24,-4,True,True,True,False,NULL,16,NULL,NULL,True,17,13,6,7,6,2,1
P08,汽车：机器人与智能化代理,positive,2024-12-17,2025-01-10,NULL,2025-02-05,-29,-12,True,True,True,False,NULL,30,NULL,NULL,True,17,13,6,6,5,1,0
P09,有色金属：五月周期回升,positive,2025-03-19,NULL,2025-05-06,NULL,-30,NULL,True,False,False,True,S1_without_S2,0,NULL,NULL,False,21,20,15,11,10,0,0
P10,国防军工：二季度行业行情,positive,2025-04-01,2025-06-27,2025-05-07,NULL,-21,37,True,True,False,False,confirmed_outside_event_window,2,NULL,NULL,False,15,11,6,8,7,1,0
N01,美容护理：节后单日冲高,negative,2024-09-19,NULL,2024-10-08,NULL,-8,NULL,True,False,False,False,NULL,0,0,0,False,12,11,10,6,5,0,6
N02,房地产：节后普涨脉冲,negative,2024-09-06,2024-11-07,2024-10-08,NULL,-15,22,True,True,False,False,NULL,2,0,0,False,10,8,6,5,4,0,12
N03,食品饮料：巨量事件脉冲,negative,2024-09-19,NULL,NULL,NULL,-8,NULL,True,False,False,False,NULL,0,0,0,False,5,4,2,3,2,0,3
N04,食品饮料：三日冲高回落,negative,2024-11-04,NULL,2024-12-10,NULL,-26,NULL,True,False,False,False,NULL,0,0,0,False,16,15,12,9,8,0,0
N05,传媒：电影龙头未扩散,negative,2025-01-14,2025-02-06,NULL,2025-02-17,-18,-7,True,True,True,False,NULL,9,2,0,True,14,10,6,7,6,2,0
N06,纺织服饰：消费轮动退潮,negative,2024-11-18,2024-11-26,NULL,NULL,-20,-14,True,True,False,False,NULL,7,0,0,False,7,3,0,4,3,1,1
N07,社会服务：消费突破回撤,negative,2024-11-07,2024-12-13,NULL,2024-12-16,-27,-1,True,True,True,False,NULL,5,4,0,True,19,15,11,9,8,1,0
N08,煤炭：年初防御切换,negative,2024-11-18,NULL,2024-12-30,NULL,-30,NULL,True,False,False,False,NULL,0,0,0,False,14,13,10,7,7,0,0
N09,通信：年初无明确主线,negative,2024-11-19,2024-12-20,2025-01-09,2024-12-30,-29,-6,True,True,True,False,NULL,9,2,0,True,17,13,8,8,7,1,0
N10,房地产：十一月放量假突破,negative,2024-09-13,2024-11-07,2024-11-05,2024-11-07,-30,2,True,True,True,False,NULL,3,3,1,False,14,10,7,7,6,1,10
A01,传媒：春节后多主题共振,ambiguous,2025-01-14,2024-12-16,2025-02-05,2025-02-06,-10,-30,True,True,True,False,NULL,10,NULL,NULL,False,13,9,3,6,5,2,0
A02,通信：二季度成长轮动,ambiguous,2025-04-21,2025-06-30,2025-04-21,NULL,4,50,True,True,False,False,NULL,1,NULL,NULL,False,11,7,4,6,5,1,0
A03,非银金融：秋季政策后半段,ambiguous,2024-09-06,NULL,2024-11-01,NULL,-23,NULL,True,False,False,False,NULL,0,NULL,NULL,False,8,7,3,4,3,0,15
A04,有色金属：黄金主题与行业,ambiguous,2024-12-26,NULL,2025-02-28,NULL,-30,NULL,True,False,False,False,NULL,0,NULL,NULL,False,20,19,13,10,10,0,0
A05,食品饮料：四月政策反弹,ambiguous,2025-02-27,NULL,2025-04-08,NULL,-27,NULL,True,False,False,False,NULL,0,NULL,NULL,False,15,14,11,9,8,0,0
