rule_id,positive_cases,positive_days,positive_pass,positive_false,positive_null,positive_known,positive_case_equal_pass_rate_all_days,positive_case_equal_pass_rate_known_days,positive_cases_with_known,positive_pooled_pass_rate_all_days,positive_pooled_pass_rate_known_days,positive_edge_failures,negative_cases,negative_days,negative_pass,negative_false,negative_null,negative_known,negative_case_equal_pass_rate_all_days,negative_case_equal_pass_rate_known_days,negative_cases_with_known,negative_pooled_pass_rate_all_days,negative_pooled_pass_rate_known_days,negative_edge_failures,ambiguous_cases,ambiguous_days,ambiguous_pass,ambiguous_false,ambiguous_null,ambiguous_known,ambiguous_case_equal_pass_rate_all_days,ambiguous_case_equal_pass_rate_known_days,ambiguous_cases_with_known,ambiguous_pooled_pass_rate_all_days,ambiguous_pooled_pass_rate_known_days,ambiguous_edge_failures,positive_negative_difference_all_days,positive_negative_difference_known_days,leave_one_case_gap_min,leave_one_case_gap_max,positive_sole_blocker_days,positive_sole_blocker_case_count
C1,10,244,112,132,0,244,0.4668154761904762,0.4668154761904762,10,0.45901639344262296,0.45901639344262296,7,10,88,20,68,0,88,0.1873015873015873,0.1873015873015873,10,0.22727272727272727,0.22727272727272727,2,5,118,41,77,0,118,0.39326797385620915,0.39326797385620915,5,0.3474576271186441,0.3474576271186441,6,0.2795138888888889,0.2795138888888889,0.24110449735449735,0.3080853174603175,0,0
C2,10,244,179,65,0,244,0.7471924603174603,0.7471924603174603,10,0.7336065573770492,0.7336065573770492,11,10,88,49,39,0,88,0.49238095238095236,0.49238095238095236,10,0.5568181818181818,0.5568181818181818,2,5,118,68,50,0,118,0.634640522875817,0.634640522875817,5,0.576271186440678,0.576271186440678,9,0.254811507936508,0.254811507936508,0.20010251322751327,0.3112136243386244,0,0
C3,10,244,139,105,0,244,0.5892857142857143,0.5892857142857143,10,0.569672131147541,0.569672131147541,77,10,88,32,56,0,88,0.31817460317460317,0.31817460317460317,10,0.36363636363636365,0.36363636363636365,18,5,118,60,58,0,118,0.5327777777777778,0.5327777777777778,5,0.5084745762711864,0.5084745762711864,33,0.27111111111111114,0.27111111111111114,0.23242063492063497,0.3098324514991182,0,0
C4.mean20,10,244,155,89,0,244,0.6524603174603174,0.6524603174603174,10,0.6352459016393442,0.6352459016393442,46,10,88,37,51,0,88,0.44007936507936507,0.44007936507936507,10,0.42045454545454547,0.42045454545454547,12,5,118,71,47,0,118,0.6383006535947713,0.6383006535947713,5,0.6016949152542372,0.6016949152542372,14,0.21238095238095234,0.21238095238095234,0.17829805996472659,0.2499029982363315,0,0
C4.intensity,10,244,182,62,0,244,0.76625,0.76625,10,0.7459016393442623,0.7459016393442623,33,10,88,61,27,0,88,0.7498412698412699,0.7498412698412699,10,0.6931818181818182,0.6931818181818182,11,5,118,69,49,0,118,0.6972875816993465,0.6972875816993465,5,0.5847457627118644,0.5847457627118644,16,0.016408730158730123,0.016408730158730123,-0.04468474426807767,0.05789682539682539,0,0
C4,10,244,196,48,0,244,0.8137698412698413,0.8137698412698413,10,0.8032786885245902,0.8032786885245902,0,10,88,61,27,0,88,0.7498412698412699,0.7498412698412699,10,0.6931818181818182,0.6931818181818182,0,5,118,85,33,0,118,0.7781699346405229,0.7781699346405229,5,0.7203389830508474,0.7203389830508474,0,0.06392857142857145,0.06392857142857145,0.0028350970017636534,0.09879188712522047,0,0
C5.up,10,244,138,106,0,244,0.5802083333333333,0.5802083333333333,10,0.5655737704918032,0.5655737704918032,12,10,88,35,53,0,88,0.39769841269841266,0.39769841269841266,10,0.3977272727272727,0.3977272727272727,7,5,118,57,61,0,118,0.5030065359477124,0.5030065359477124,5,0.4830508474576271,0.4830508474576271,4,0.18250992063492066,0.18250992063492066,0.1636441798941799,0.20181327160493828,0,0
C5.ma20,10,244,194,50,0,244,0.8016567460317461,0.8016567460317461,10,0.7950819672131147,0.7950819672131147,12,10,88,45,43,0,88,0.473968253968254,0.473968253968254,10,0.5113636363636364,0.5113636363636364,16,5,118,71,47,0,118,0.6679738562091503,0.6679738562091503,5,0.6016949152542372,0.6016949152542372,5,0.3276884920634921,0.3276884920634921,0.2750253527336861,0.3781999559082893,0,0
C5,10,244,213,31,0,244,0.880734126984127,0.880734126984127,10,0.8729508196721312,0.8729508196721312,0,10,88,60,28,0,88,0.6572222222222222,0.6572222222222222,10,0.6818181818181818,0.6818181818181818,0,5,118,89,29,0,118,0.7929411764705883,0.7929411764705883,5,0.7542372881355932,0.7542372881355932,0,0.22351190476190486,0.22351190476190486,0.19986992945326287,0.2615983245149912,0,0
candidate,10,244,178,66,0,244,0.750109126984127,0.750109126984127,10,0.7295081967213115,0.7295081967213115,0,10,88,42,46,0,88,0.44357142857142856,0.44357142857142856,10,0.4772727272727273,0.4772727272727273,0,5,118,69,49,0,118,0.6265359477124183,0.6265359477124183,5,0.5847457627118644,0.5847457627118644,0,0.30653769841269846,0.30653769841269846,0.2572519841269842,0.34455357142857146,0,0
A.return,10,244,179,65,0,244,0.7471924603174603,0.7471924603174603,10,0.7336065573770492,0.7336065573770492,11,10,88,49,39,0,88,0.49238095238095236,0.49238095238095236,10,0.5568181818181818,0.5568181818181818,2,5,118,68,50,0,118,0.634640522875817,0.634640522875817,5,0.576271186440678,0.576271186440678,9,0.254811507936508,0.254811507936508,0.20010251322751327,0.3112136243386244,0,0
A.rank,10,244,154,90,0,244,0.6318551587301587,0.6318551587301587,10,0.6311475409836066,0.6311475409836066,9,10,88,47,41,0,88,0.503015873015873,0.503015873015873,10,0.5340909090909091,0.5340909090909091,2,5,118,60,58,0,118,0.5884640522875817,0.5884640522875817,5,0.5084745762711864,0.5084745762711864,3,0.1288392857142857,0.1288392857142857,0.07294863315696654,0.1752358906525573,0,0
A,10,244,151,93,0,244,0.6174107142857143,0.6174107142857143,10,0.6188524590163934,0.6188524590163934,0,10,88,45,43,0,88,0.453015873015873,0.453015873015873,10,0.5113636363636364,0.5113636363636364,0,5,118,60,58,0,118,0.5884640522875817,0.5884640522875817,5,0.5084745762711864,0.5084745762711864,0,0.16439484126984127,0.16439484126984127,0.11405974426807763,0.20918650793650795,2,2
B.win5,10,244,54,190,0,244,0.24555555555555555,0.24555555555555555,10,0.22131147540983606,0.22131147540983606,85,10,88,15,73,0,88,0.1419047619047619,0.1419047619047619,10,0.17045454545454544,0.17045454545454544,17,5,118,18,100,0,118,0.21120915032679738,0.21120915032679738,5,0.15254237288135594,0.15254237288135594,42,0.10365079365079366,0.10365079365079366,0.06149029982363316,0.13093474426807758,0,0
B.win10,10,244,48,196,0,244,0.21282738095238096,0.21282738095238096,10,0.19672131147540983,0.19672131147540983,57,10,88,11,77,0,88,0.11,0.11,10,0.125,0.125,14,5,118,10,108,0,118,0.11366013071895426,0.11366013071895426,5,0.0847457627118644,0.0847457627118644,35,0.10282738095238096,0.10282738095238096,0.02925264550264549,0.15233355379188712,0,0
B,10,244,74,170,0,244,0.32953373015873016,0.32953373015873016,10,0.30327868852459017,0.30327868852459017,0,10,88,19,69,0,88,0.18079365079365078,0.18079365079365078,10,0.2159090909090909,0.2159090909090909,0,5,118,20,98,0,118,0.2473202614379085,0.2473202614379085,5,0.1694915254237288,0.1694915254237288,0,0.14874007936507938,0.14874007936507938,0.0811882716049383,0.19038029100529102,25,7
C.percentile,10,244,145,75,24,220,0.5898908730158731,0.6454464285714285,10,0.5942622950819673,0.6590909090909091,7,10,88,43,33,12,76,0.4284126984126984,0.6120181405895692,7,0.48863636363636365,0.5657894736842105,2,5,118,52,54,12,106,0.5206209150326797,0.6095098039215686,5,0.4406779661016949,0.49056603773584906,2,0.16147817460317465,0.03342828798185937,0.11387676366843041,0.22498787477954152,0,0
C.trend,10,244,187,57,0,244,0.7655654761904762,0.7655654761904762,10,0.7663934426229508,0.7663934426229508,0,10,88,50,38,0,88,0.6178571428571429,0.6178571428571429,10,0.5681818181818182,0.5681818181818182,0,5,118,92,26,0,118,0.7592483660130719,0.7592483660130719,5,0.7796610169491526,0.7796610169491526,0,0.14770833333333333,0.14770833333333333,0.10127976190476196,0.19016865079365086,0,0
C,10,244,121,106,17,227,0.4926587301587302,0.5182142857142857,10,0.4959016393442623,0.5330396475770925,0,10,88,29,50,9,79,0.2941269841269841,0.3268077601410935,9,0.32954545454545453,0.3670886075949367,0,5,118,45,64,9,109,0.43686274509803924,0.48130718954248364,5,0.3813559322033898,0.41284403669724773,0,0.19853174603174606,0.19140652557319227,0.16299382716049382,0.26461640211640214,7,5
D.up,10,244,138,106,0,244,0.5802083333333333,0.5802083333333333,10,0.5655737704918032,0.5655737704918032,12,10,88,35,53,0,88,0.39769841269841266,0.39769841269841266,10,0.3977272727272727,0.3977272727272727,7,5,118,57,61,0,118,0.5030065359477124,0.5030065359477124,5,0.4830508474576271,0.4830508474576271,4,0.18250992063492066,0.18250992063492066,0.1636441798941799,0.20181327160493828,0,0
D.ma20,10,244,189,55,0,244,0.7816071428571428,0.7816071428571428,10,0.7745901639344263,0.7745901639344263,4,10,88,37,51,0,88,0.5184126984126984,0.5184126984126984,10,0.42045454545454547,0.42045454545454547,0,5,118,73,45,0,118,0.670326797385621,0.670326797385621,5,0.6186440677966102,0.6186440677966102,1,0.2631944444444444,0.2631944444444444,0.20559303350970015,0.31670414462081126,0,0
D.newhigh,10,244,143,101,0,244,0.5973611111111111,0.5973611111111111,10,0.5860655737704918,0.5860655737704918,15,10,88,25,63,0,88,0.2571428571428571,0.2571428571428571,10,0.2840909090909091,0.2840909090909091,9,5,118,57,61,0,118,0.4873529411764706,0.4873529411764706,5,0.4830508474576271,0.4830508474576271,15,0.340218253968254,0.340218253968254,0.3116468253968254,0.3751388888888889,0,0
D,10,244,163,81,0,244,0.6792261904761905,0.6792261904761905,10,0.6680327868852459,0.6680327868852459,0,10,88,26,62,0,88,0.3322222222222222,0.3322222222222222,10,0.29545454545454547,0.29545454545454547,0,5,118,60,58,0,118,0.5354575163398693,0.5354575163398693,5,0.5084745762711864,0.5084745762711864,0,0.3470039682539683,0.3470039682539683,0.3212014991181658,0.393423721340388,0,0
E1,10,244,183,61,0,244,0.7650793650793651,0.7650793650793651,10,0.75,0.75,12,10,88,66,22,0,88,0.6766666666666666,0.6766666666666666,10,0.75,0.75,3,5,118,67,51,0,118,0.6523202614379084,0.6523202614379084,5,0.5677966101694916,0.5677966101694916,5,0.0884126984126985,0.0884126984126985,0.013227513227513255,0.13373897707231042,0,0
E2,10,244,133,111,0,244,0.5281051587301587,0.5281051587301587,10,0.5450819672131147,0.5450819672131147,49,10,88,19,69,0,88,0.21246031746031746,0.21246031746031746,10,0.2159090909090909,0.2159090909090909,19,5,118,56,62,0,118,0.47522875816993465,0.47522875816993465,5,0.4745762711864407,0.4745762711864407,29,0.31564484126984127,0.31564484126984127,0.2928417107583774,0.3534898589065256,0,0
E3,10,244,143,101,0,244,0.5973611111111111,0.5973611111111111,10,0.5860655737704918,0.5860655737704918,15,10,88,25,63,0,88,0.2571428571428571,0.2571428571428571,10,0.2840909090909091,0.2840909090909091,9,5,118,57,61,0,118,0.4873529411764706,0.4873529411764706,5,0.4830508474576271,0.4830508474576271,15,0.340218253968254,0.340218253968254,0.3116468253968254,0.3751388888888889,0,0
E4.not_high,10,244,53,1,190,54,0.18928571428571428,0.9814814814814814,2,0.21721311475409835,0.9814814814814815,0,10,88,0,0,88,0,0.0,,0,0.0,,0,5,118,27,0,91,27,0.135,1.0,1,0.2288135593220339,1.0,0,0.18928571428571428,,0.10317460317460318,0.21031746031746032,0,0
E4,10,244,53,0,191,53,0.18928571428571428,1.0,2,0.21721311475409835,1.0,0,10,88,0,0,88,0,0.0,,0,0.0,,0,5,118,27,0,91,27,0.135,1.0,1,0.2288135593220339,1.0,0,0.18928571428571428,,0.10317460317460318,0.21031746031746032,0,0
E5,10,244,0,0,244,0,0.0,,0,0.0,,0,10,88,0,0,88,0,0.0,,0,0.0,,0,5,118,0,0,118,0,0.0,,0,0.0,,0,0.0,,0.0,0.0,0,0
enhancers,10,244,168,21,55,189,0.6801785714285714,0.9133124522536287,10,0.6885245901639344,0.8888888888888888,0,10,88,29,17,42,46,0.305952380952381,0.6471428571428571,10,0.32954545454545453,0.6304347826086957,0,5,118,63,18,37,81,0.548562091503268,0.7680226636108989,5,0.5338983050847458,0.7777777777777778,0,0.37422619047619043,0.26616959511077154,0.35059523809523807,0.4116600529100529,1,1
confirm,10,244,38,198,8,236,0.16495039682539683,0.17547721674876846,10,0.1557377049180328,0.16101694915254236,0,10,88,5,82,1,87,0.05047619047619047,0.05047619047619047,10,0.056818181818181816,0.05747126436781609,0,5,118,12,103,3,115,0.15065359477124182,0.15287581699346406,5,0.1016949152542373,0.10434782608695652,0,0.11447420634920635,0.12500102627257798,0.07724647266313933,0.1335570987654321,0,0
weaken.slope,10,244,112,132,0,244,0.44018849206349203,0.44018849206349203,10,0.45901639344262296,0.45901639344262296,58,10,88,59,29,0,88,0.7256349206349206,0.7256349206349206,10,0.6704545454545454,0.6704545454545454,9,5,118,50,68,0,118,0.4401307189542484,0.4401307189542484,5,0.423728813559322,0.423728813559322,36,-0.2854464285714286,-0.2854464285714286,-0.31845348324514994,-0.25496141975308645,0,0
weaken.rank,10,244,37,207,0,244,0.14331349206349206,0.14331349206349206,10,0.15163934426229508,0.15163934426229508,0,10,88,27,61,0,88,0.2924603174603175,0.2924603174603175,10,0.3068181818181818,0.3068181818181818,0,5,118,20,98,0,118,0.16986928104575164,0.16986928104575164,5,0.1694915254237288,0.1694915254237288,0,-0.14914682539682542,-0.14914682539682542,-0.18164241622574953,-0.09830908289241622,0,0
weaken.breadth.up_ratio,10,244,116,128,0,244,0.47595238095238096,0.47595238095238096,10,0.47540983606557374,0.47540983606557374,9,10,88,52,36,0,88,0.6655555555555556,0.6655555555555556,10,0.5909090909090909,0.5909090909090909,1,5,118,61,57,0,118,0.5091176470588235,0.5091176470588235,5,0.5169491525423728,0.5169491525423728,5,-0.1896031746031746,-0.1896031746031746,-0.21417107583774248,-0.15244268077601414,0,0
retire.breadth.up_ratio,10,244,106,138,0,244,0.43061507936507937,0.43061507936507937,10,0.4344262295081967,0.4344262295081967,11,10,88,55,33,0,88,0.6355555555555555,0.6355555555555555,10,0.625,0.625,1,5,118,60,58,0,118,0.46509803921568627,0.46509803921568627,5,0.5084745762711864,0.5084745762711864,2,-0.20494047619047617,-0.20494047619047617,-0.22000220458553787,-0.1644466490299823,0,0
weaken.breadth.above_ma20,10,244,112,132,0,244,0.45478174603174604,0.45478174603174604,10,0.45901639344262296,0.45901639344262296,20,10,88,56,32,0,88,0.6215079365079366,0.6215079365079366,10,0.6363636363636364,0.6363636363636364,12,5,118,56,62,0,118,0.3963071895424837,0.3963071895424837,5,0.4745762711864407,0.4745762711864407,14,-0.16672619047619053,-0.16672619047619053,-0.20800485008818348,-0.14689373897707236,0,0
retire.breadth.above_ma20,10,244,109,135,0,244,0.44278769841269844,0.44278769841269844,10,0.44672131147540983,0.44672131147540983,22,10,88,58,30,0,88,0.5398412698412698,0.5398412698412698,10,0.6590909090909091,0.6590909090909091,4,5,118,56,62,0,118,0.45029411764705884,0.45029411764705884,5,0.4745762711864407,0.4745762711864407,11,-0.09705357142857135,-0.09705357142857135,-0.15703593474426808,-0.04592482363315692,0,0
weaken.breadth.above_ma60,10,244,90,154,0,244,0.36797619047619046,0.36797619047619046,10,0.36885245901639346,0.36885245901639346,50,10,88,57,31,0,88,0.5986507936507937,0.5986507936507937,10,0.6477272727272727,0.6477272727272727,17,5,118,42,76,0,118,0.31300653594771244,0.31300653594771244,5,0.3559322033898305,0.3559322033898305,27,-0.2306746031746032,-0.2306746031746032,-0.2971913580246913,-0.19719135802469134,0,0
retire.breadth.above_ma60,10,244,61,183,0,244,0.27125,0.27125,10,0.25,0.25,47,10,88,55,33,0,88,0.5114285714285715,0.5114285714285715,10,0.625,0.625,13,5,118,26,92,0,118,0.20326797385620915,0.20326797385620915,5,0.22033898305084745,0.22033898305084745,28,-0.24017857142857146,-0.24017857142857146,-0.29700396825396824,-0.18589285714285714,0,0
weaken.breadth.new_high_60,10,244,93,151,0,244,0.3705357142857143,0.3705357142857143,10,0.38114754098360654,0.38114754098360654,19,10,88,54,34,0,88,0.6506349206349207,0.6506349206349207,10,0.6136363636363636,0.6136363636363636,10,5,118,48,70,0,118,0.39444444444444443,0.39444444444444443,5,0.4067796610169492,0.4067796610169492,16,-0.2800992063492064,-0.2800992063492064,-0.3153549382716049,-0.2412808641975308,0,0
retire.breadth.new_high_60,10,244,64,180,0,244,0.2521230158730159,0.2521230158730159,10,0.26229508196721313,0.26229508196721313,29,10,88,59,29,0,88,0.611984126984127,0.611984126984127,10,0.6704545454545454,0.6704545454545454,9,5,118,34,84,0,118,0.27137254901960783,0.27137254901960783,5,0.288135593220339,0.288135593220339,15,-0.3598611111111111,-0.3598611111111111,-0.4278593474426807,-0.32785934744268075,0,0
weaken.breadth,10,244,78,166,0,244,0.31643849206349206,0.31643849206349206,10,0.319672131147541,0.319672131147541,0,10,88,54,34,0,88,0.6038888888888889,0.6038888888888889,10,0.6136363636363636,0.6136363636363636,0,5,118,38,80,0,118,0.2686928104575163,0.2686928104575163,5,0.3220338983050847,0.3220338983050847,0,-0.28745039682539686,-0.28745039682539686,-0.32677138447971776,-0.26566027336860665,0,0
weaken,10,244,67,177,0,244,0.2621031746031746,0.2621031746031746,10,0.27459016393442626,0.27459016393442626,0,10,88,47,41,0,88,0.5517460317460318,0.5517460317460318,10,0.5340909090909091,0.5340909090909091,0,5,118,34,84,0,118,0.2573856209150327,0.2573856209150327,5,0.288135593220339,0.288135593220339,0,-0.28964285714285715,-0.28964285714285715,-0.3262566137566137,-0.239836860670194,0,0
retire.rs10,10,244,65,179,0,244,0.25280753968253966,0.25280753968253966,10,0.26639344262295084,0.26639344262295084,20,10,88,39,49,0,88,0.5076190476190476,0.5076190476190476,10,0.4431818181818182,0.4431818181818182,2,5,118,50,68,0,118,0.365359477124183,0.365359477124183,5,0.423728813559322,0.423728813559322,1,-0.254811507936508,-0.254811507936508,-0.3112136243386243,-0.2001025132275132,0,0
retire.rs20,10,244,61,183,0,244,0.23492063492063492,0.23492063492063492,10,0.25,0.25,13,10,88,22,66,0,88,0.32333333333333336,0.32333333333333336,10,0.25,0.25,3,5,118,51,67,0,118,0.3476797385620915,0.3476797385620915,5,0.4322033898305085,0.4322033898305085,5,-0.08841269841269844,-0.08841269841269844,-0.13373897707231044,-0.013227513227513227,0,0
retire.returns,10,244,35,209,0,244,0.13115079365079366,0.13115079365079366,10,0.14344262295081966,0.14344262295081966,0,10,88,19,69,0,88,0.26222222222222225,0.26222222222222225,10,0.2159090909090909,0.2159090909090909,0,5,118,32,86,0,118,0.21160130718954248,0.21160130718954248,5,0.2711864406779661,0.2711864406779661,0,-0.1310714285714286,-0.1310714285714286,-0.16808641975308644,-0.04909611992945326,0,0
retire.rank,10,244,53,191,0,244,0.20739087301587303,0.20739087301587303,10,0.21721311475409835,0.21721311475409835,14,10,88,28,60,0,88,0.29817460317460315,0.29817460317460315,10,0.3181818181818182,0.3181818181818182,2,5,118,44,74,0,118,0.31526143790849676,0.31526143790849676,5,0.3728813559322034,0.3728813559322034,7,-0.09078373015873012,-0.09078373015873012,-0.12391424162257494,-0.049840167548500874,0,0
retire.breadth,10,244,50,194,0,244,0.19641865079365078,0.19641865079365078,10,0.20491803278688525,0.20491803278688525,0,10,88,56,32,0,88,0.5136507936507937,0.5136507936507937,10,0.6363636363636364,0.6363636363636364,0,5,118,29,89,0,118,0.21581699346405228,0.21581699346405228,5,0.2457627118644068,0.2457627118644068,0,-0.3172321428571429,-0.3172321428571429,-0.37430445326278655,-0.2631933421516755,0,0
retire,10,244,39,205,0,244,0.14811507936507937,0.14811507936507937,10,0.1598360655737705,0.1598360655737705,0,10,88,28,60,0,88,0.2692857142857143,0.2692857142857143,10,0.3181818181818182,0.3181818181818182,0,5,118,41,77,0,118,0.2941503267973856,0.2941503267973856,5,0.3474576271186441,0.3474576271186441,0,-0.12117063492063493,-0.12117063492063493,-0.15109126984126983,-0.07701719576719576,0,0
recover,10,244,38,198,8,236,0.16495039682539683,0.17547721674876846,10,0.1557377049180328,0.16101694915254236,0,10,88,5,82,1,87,0.05047619047619047,0.05047619047619047,10,0.056818181818181816,0.05747126436781609,0,5,118,12,103,3,115,0.15065359477124182,0.15287581699346406,5,0.1016949152542373,0.10434782608695652,0,0.11447420634920635,0.12500102627257798,0.07724647266313933,0.1335570987654321,0,0
enhancement.core,10,244,0,0,244,0,0.0,,0,0.0,,0,10,88,0,0,88,0,0.0,,0,0.0,,0,5,118,0,0,118,0,0.0,,0,0.0,,0,0.0,,0.0,0.0,0,0
enhancement.midcap,10,244,0,0,244,0,0.0,,0,0.0,,0,10,88,0,0,88,0,0.0,,0,0.0,,0,5,118,0,0,118,0,0.0,,0,0.0,,0,0.0,,0.0,0.0,0,0
enhancement.family,10,244,0,0,244,0,0.0,,0,0.0,,0,10,88,0,0,88,0,0.0,,0,0.0,,0,5,118,0,0,118,0,0.0,,0,0.0,,0,0.0,,0.0,0.0,0,0
