rule_id,positive_case_equal_pass_rate_all_days,negative_case_equal_pass_rate_all_days,ambiguous_case_equal_pass_rate_all_days,positive_negative_difference
C1,0.4626488095238095,0.17396825396825397,0.49326797385620913,0.2886805555555555
C2,0.746359126984127,0.4612698412698413,0.7013071895424836,0.2850892857142857
C3,0.585952380952381,0.29706349206349203,0.6216666666666667,0.288888888888889
C4.mean20,0.6516269841269842,0.42007936507936505,0.7271895424836601,0.2315476190476191
C4.intensity,0.7654166666666666,0.7476190476190476,0.7861764705882353,0.017797619047619007
C4,0.812936507936508,0.7476190476190476,0.8670588235294118,0.06531746031746033
C5.up,0.578125,0.4365873015873016,0.5891176470588235,0.14153769841269842
C5.ma20,0.8016567460317461,0.4417460317460317,0.734640522875817,0.35991071428571436
C5,0.880734126984127,0.6805555555555556,0.8596078431372549,0.20017857142857143
candidate,0.7492757936507937,0.42468253968253966,0.7154248366013072,0.324593253968254
A.return,0.746359126984127,0.4612698412698413,0.7013071895424836,0.2850892857142857
A.rank,0.6272718253968254,0.47079365079365076,0.6551307189542483,0.1564781746031746
A,0.612827380952381,0.4207936507936508,0.6551307189542483,0.1920337301587302
B.win5,0.24055555555555555,0.12634920634920635,0.31120915032679736,0.1142063492063492
B.win10,0.20657738095238096,0.08888888888888889,0.16088235294117648,0.11768849206349206
B,0.32453373015873016,0.15968253968253968,0.3362091503267974,0.16485119047619048
C.percentile,0.588640873015873,0.41174603174603175,0.5956209150326798,0.17689484126984123
C.trend,0.7638988095238095,0.6023015873015873,0.8009150326797385,0.16159722222222217
C,0.4905753968253968,0.2785714285714286,0.5229738562091504,0.21200396825396822
D.up,0.578125,0.4365873015873016,0.5891176470588235,0.14153769841269842
D.ma20,0.7791071428571429,0.463968253968254,0.7036601307189543,0.3151388888888889
D.newhigh,0.5956944444444444,0.2671428571428571,0.5734640522875817,0.3285515873015873
D,0.6775595238095238,0.3288888888888889,0.6354575163398692,0.3486706349206349
E1,0.7625793650793651,0.6133333333333333,0.6634313725490196,0.1492460317460318
E2,0.531438492063492,0.24023809523809522,0.5641176470588235,0.2912003968253968
E3,0.5956944444444444,0.2671428571428571,0.5734640522875817,0.3285515873015873
E4.not_high,0.18928571428571428,0.0,0.135,0.18928571428571428
E4,0.18928571428571428,0.0,0.135,0.18928571428571428
E5,0.0,0.0,0.0,0.0
enhancers,0.6776785714285715,0.3103968253968254,0.6374509803921569,0.36728174603174607
confirm,0.15953373015873015,0.04047619047619047,0.24787581699346406,0.11905753968253968
weaken.slope,0.44185515873015874,0.7256349206349206,0.3901307189542484,-0.2837797619047619
weaken.rank,0.14331349206349206,0.2657936507936508,0.14209150326797385,-0.12248015873015874
weaken.breadth.up_ratio,0.47220238095238093,0.62,0.4757843137254902,-0.14779761904761907
retire.breadth.up_ratio,0.4264484126984127,0.6055555555555555,0.41787581699346404,-0.1791071428571428
weaken.breadth.above_ma20,0.4506150793650794,0.5926190476190476,0.30741830065359477,-0.14200396825396822
retire.breadth.above_ma20,0.4444543650793651,0.5765079365079365,0.38362745098039214,-0.13205357142857144
weaken.breadth.above_ma60,0.3638095238095238,0.5708730158730159,0.22411764705882353,-0.20706349206349206
retire.breadth.above_ma60,0.26958333333333334,0.5514285714285714,0.1588235294117647,-0.28184523809523804
weaken.breadth.new_high_60,0.3717857142857143,0.643968253968254,0.3194444444444444,-0.2721825396825397
retire.breadth.new_high_60,0.25378968253968254,0.641984126984127,0.19359477124183005,-0.38819444444444445
weaken.breadth,0.3110218253968254,0.5672222222222222,0.16869281045751633,-0.2562003968253968
weaken,0.2629365079365079,0.5317460317460317,0.1684967320261438,-0.26880952380952383
retire.rs10,0.253640873015873,0.5387301587301587,0.29869281045751633,-0.2850892857142857
retire.rs20,0.23742063492063492,0.38666666666666666,0.3365686274509804,-0.14924603174603174
retire.returns,0.1315674603174603,0.32555555555555554,0.20049019607843138,-0.19398809523809524
retire.rank,0.20864087301587303,0.3415079365079365,0.2708169934640523,-0.13286706349206345
retire.breadth,0.19808531746031746,0.5503174603174603,0.14915032679738563,-0.3522321428571429
retire,0.1489484126984127,0.31373015873015875,0.24970588235294117,-0.16478174603174606
recover,0.15953373015873015,0.04047619047619047,0.24787581699346406,0.11905753968253968
enhancement.core,0.0,0.0,0.0,0.0
enhancement.midcap,0.0,0.0,0.0,0.0
enhancement.family,0.0,0.0,0.0,0.0
