version,case_id,case_type,episode_cluster,warmup_sensitive,event_s2_before,event_s2_after,full_s2_before,full_s2_after,lag_before,lag_after,lag_delta,negative_new_confirm_before,negative_new_confirm_after,negative_s2_days_before,negative_s2_days_after,short_reversal_delta,transition_delta,negative_s1_days_delta
BASELINE,P01,positive,秋季政策行情,True,False,False,False,False,,,,,,,,0,0,0
BASELINE,P02,positive,秋季政策行情,False,False,False,False,False,,,,,,,,0,0,0
BASELINE,P03,positive,秋季及消费红利,False,False,False,False,False,,,,,,,,0,0,0
BASELINE,P04,positive,秋季及消费红利,False,True,True,True,True,3,3,0,,,,,0,0,0
BASELINE,P05,positive,秋季及消费红利,False,True,True,True,True,14,14,0,,,,,0,0,0
BASELINE,P06,positive,春节AI与机器人,True,True,True,True,True,-1,-1,0,,,,,0,0,0
BASELINE,P07,positive,春节AI与机器人,True,True,True,True,True,-4,-4,0,,,,,0,0,0
BASELINE,P08,positive,春节AI与机器人,False,True,True,True,True,-12,-12,0,,,,,0,0,0
BASELINE,P09,positive,二季度轮动,False,False,False,False,False,,,,,,,,0,0,0
BASELINE,P10,positive,二季度轮动,False,False,False,True,True,37,37,0,,,,,0,0,0
BASELINE,N01,negative,秋季政策行情,False,False,False,False,False,,,,0,0,0,0,0,0,0
BASELINE,N02,negative,秋季政策行情,False,False,False,True,True,22,22,0,0,0,0,0,0,0,0
BASELINE,N03,negative,秋季政策行情,False,False,False,False,False,,,,0,0,0,0,0,0,0
BASELINE,N04,negative,消费退潮及年末调整,False,False,False,False,False,,,,0,0,0,0,0,0,0
BASELINE,N05,negative,春节AI与机器人,True,True,True,True,True,-7,-7,0,0,0,2,2,0,0,0
BASELINE,N06,negative,消费退潮及年末调整,True,False,False,True,True,-14,-14,0,0,0,0,0,0,0,0
BASELINE,N07,negative,消费退潮及年末调整,False,True,True,True,True,-1,-1,0,0,0,4,4,0,0,0
BASELINE,N08,negative,消费退潮及年末调整,False,False,False,False,False,,,,0,0,0,0,0,0,0
BASELINE,N09,negative,消费退潮及年末调整,False,True,True,True,True,-6,-6,0,0,0,2,2,0,0,0
BASELINE,N10,negative,秋季及消费红利,False,True,True,True,True,2,2,0,1,1,3,3,0,0,0
BASELINE,A01,ambiguous,春节AI与机器人,True,True,True,True,True,-30,-30,0,,,,,0,0,0
BASELINE,A02,ambiguous,关税冲击后轮动,False,False,False,True,True,50,50,0,,,,,0,0,0
BASELINE,A03,ambiguous,秋季政策行情,False,False,False,False,False,,,,,,,,0,0,0
BASELINE,A04,ambiguous,春节AI与机器人,False,False,False,False,False,,,,,,,,0,0,0
BASELINE,A05,ambiguous,关税冲击后轮动,False,False,False,False,False,,,,,,,,0,0,0
V3_A_NULL_GATING_ONLY,P01,positive,秋季政策行情,True,False,False,False,False,,,,,,,,0,0,2
V3_A_NULL_GATING_ONLY,P02,positive,秋季政策行情,False,False,False,False,False,,,,,,,,0,0,2
V3_A_NULL_GATING_ONLY,P03,positive,秋季及消费红利,False,False,True,False,True,,1,,,,,,-3,0,-5
V3_A_NULL_GATING_ONLY,P04,positive,秋季及消费红利,False,True,True,True,True,3,-13,-16,,,,,-1,-2,-3
V3_A_NULL_GATING_ONLY,P05,positive,秋季及消费红利,False,True,True,True,True,14,14,0,,,,,0,0,0
V3_A_NULL_GATING_ONLY,P06,positive,春节AI与机器人,True,True,True,True,True,-1,-1,0,,,,,0,0,0
V3_A_NULL_GATING_ONLY,P07,positive,春节AI与机器人,True,True,True,True,True,-4,-5,-1,,,,,0,0,0
V3_A_NULL_GATING_ONLY,P08,positive,春节AI与机器人,False,True,True,True,True,-12,-12,0,,,,,0,0,0
V3_A_NULL_GATING_ONLY,P09,positive,二季度轮动,False,False,True,False,True,,27,,,,,,0,1,-1
V3_A_NULL_GATING_ONLY,P10,positive,二季度轮动,False,False,True,True,True,37,4,-33,,,,,-3,-2,-9
V3_A_NULL_GATING_ONLY,N01,negative,秋季政策行情,False,False,False,False,False,,,,0,0,0,0,0,0,0
V3_A_NULL_GATING_ONLY,N02,negative,秋季政策行情,False,False,True,True,True,22,-1,-23,0,0,0,2,-3,0,-1
V3_A_NULL_GATING_ONLY,N03,negative,秋季政策行情,False,False,False,False,False,,,,0,0,0,0,0,0,0
V3_A_NULL_GATING_ONLY,N04,negative,消费退潮及年末调整,False,False,False,False,False,,,,0,0,0,0,0,0,0
V3_A_NULL_GATING_ONLY,N05,negative,春节AI与机器人,True,True,True,True,True,-7,-8,-1,0,0,2,2,0,0,0
V3_A_NULL_GATING_ONLY,N06,negative,消费退潮及年末调整,True,False,False,True,True,-14,-14,0,0,0,0,0,0,0,0
V3_A_NULL_GATING_ONLY,N07,negative,消费退潮及年末调整,False,True,True,True,True,-1,-1,0,0,0,4,4,0,0,0
V3_A_NULL_GATING_ONLY,N08,negative,消费退潮及年末调整,False,False,False,False,False,,,,0,0,0,0,0,0,0
V3_A_NULL_GATING_ONLY,N09,negative,消费退潮及年末调整,False,True,True,True,True,-6,-6,0,0,0,2,2,0,0,0
V3_A_NULL_GATING_ONLY,N10,negative,秋季及消费红利,False,True,True,True,True,2,-21,-23,1,1,3,3,-3,0,-1
V3_A_NULL_GATING_ONLY,A01,ambiguous,春节AI与机器人,True,True,True,True,True,-30,-30,0,,,,,0,0,-1
V3_A_NULL_GATING_ONLY,A02,ambiguous,关税冲击后轮动,False,False,True,True,True,50,35,-15,,,,,-1,0,-4
V3_A_NULL_GATING_ONLY,A03,ambiguous,秋季政策行情,False,False,False,False,True,,-8,,,,,,0,2,3
V3_A_NULL_GATING_ONLY,A04,ambiguous,春节AI与机器人,False,False,False,False,False,,,,,,,,0,0,0
V3_A_NULL_GATING_ONLY,A05,ambiguous,关税冲击后轮动,False,False,False,False,False,,,,,,,,0,0,0
V3_B_SAME_BRANCH_ONLY,P01,positive,秋季政策行情,True,False,True,False,True,,1,,,,,,-4,-2,-11
V3_B_SAME_BRANCH_ONLY,P02,positive,秋季政策行情,False,False,False,False,False,,,,,,,,0,0,-1
V3_B_SAME_BRANCH_ONLY,P03,positive,秋季及消费红利,False,False,True,False,True,,1,,,,,,-3,0,-5
V3_B_SAME_BRANCH_ONLY,P04,positive,秋季及消费红利,False,True,True,True,True,3,-13,-16,,,,,-1,-2,-3
V3_B_SAME_BRANCH_ONLY,P05,positive,秋季及消费红利,False,True,True,True,True,14,14,0,,,,,0,0,0
V3_B_SAME_BRANCH_ONLY,P06,positive,春节AI与机器人,True,True,True,True,True,-1,-1,0,,,,,0,0,0
V3_B_SAME_BRANCH_ONLY,P07,positive,春节AI与机器人,True,True,True,True,True,-4,-5,-1,,,,,0,0,0
V3_B_SAME_BRANCH_ONLY,P08,positive,春节AI与机器人,False,True,True,True,True,-12,-12,0,,,,,0,0,0
V3_B_SAME_BRANCH_ONLY,P09,positive,二季度轮动,False,False,True,False,True,,27,,,,,,0,1,-1
V3_B_SAME_BRANCH_ONLY,P10,positive,二季度轮动,False,False,True,True,True,37,4,-33,,,,,-3,-2,-9
V3_B_SAME_BRANCH_ONLY,N01,negative,秋季政策行情,False,False,False,False,False,,,,0,0,0,0,-1,0,0
V3_B_SAME_BRANCH_ONLY,N02,negative,秋季政策行情,False,False,True,True,True,22,-7,-29,0,0,0,1,-3,0,-1
V3_B_SAME_BRANCH_ONLY,N03,negative,秋季政策行情,False,False,False,False,False,,,,0,0,0,0,0,0,0
V3_B_SAME_BRANCH_ONLY,N04,negative,消费退潮及年末调整,False,False,False,False,False,,,,0,0,0,0,0,0,0
V3_B_SAME_BRANCH_ONLY,N05,negative,春节AI与机器人,True,True,True,True,True,-7,-8,-1,0,0,2,2,0,0,0
V3_B_SAME_BRANCH_ONLY,N06,negative,消费退潮及年末调整,True,False,False,True,True,-14,-14,0,0,0,0,0,0,0,0
V3_B_SAME_BRANCH_ONLY,N07,negative,消费退潮及年末调整,False,True,True,True,True,-1,-1,0,0,0,4,4,0,0,0
V3_B_SAME_BRANCH_ONLY,N08,negative,消费退潮及年末调整,False,False,False,False,False,,,,0,0,0,0,0,0,0
V3_B_SAME_BRANCH_ONLY,N09,negative,消费退潮及年末调整,False,True,True,True,True,-6,-6,0,0,0,2,2,0,0,0
V3_B_SAME_BRANCH_ONLY,N10,negative,秋季及消费红利,False,True,True,True,True,2,-27,-29,1,1,3,3,-3,0,-1
V3_B_SAME_BRANCH_ONLY,A01,ambiguous,春节AI与机器人,True,True,True,True,True,-30,-30,0,,,,,0,0,-1
V3_B_SAME_BRANCH_ONLY,A02,ambiguous,关税冲击后轮动,False,False,True,True,True,50,35,-15,,,,,-1,0,-4
V3_B_SAME_BRANCH_ONLY,A03,ambiguous,秋季政策行情,False,False,True,False,True,,-15,,,,,,-1,4,-2
V3_B_SAME_BRANCH_ONLY,A04,ambiguous,春节AI与机器人,False,False,False,False,False,,,,,,,,0,0,-1
V3_B_SAME_BRANCH_ONLY,A05,ambiguous,关税冲击后轮动,False,False,False,False,False,,,,,,,,0,0,0
V3_C_NULL_GATING_AND_SAME_BRANCH,P01,positive,秋季政策行情,True,False,False,False,False,,,,,,,,0,0,2
V3_C_NULL_GATING_AND_SAME_BRANCH,P02,positive,秋季政策行情,False,False,False,False,False,,,,,,,,0,0,2
V3_C_NULL_GATING_AND_SAME_BRANCH,P03,positive,秋季及消费红利,False,False,True,False,True,,1,,,,,,-3,0,-5
V3_C_NULL_GATING_AND_SAME_BRANCH,P04,positive,秋季及消费红利,False,True,True,True,True,3,-13,-16,,,,,-1,-2,-3
V3_C_NULL_GATING_AND_SAME_BRANCH,P05,positive,秋季及消费红利,False,True,True,True,True,14,14,0,,,,,0,0,0
V3_C_NULL_GATING_AND_SAME_BRANCH,P06,positive,春节AI与机器人,True,True,True,True,True,-1,-1,0,,,,,0,0,0
V3_C_NULL_GATING_AND_SAME_BRANCH,P07,positive,春节AI与机器人,True,True,True,True,True,-4,-5,-1,,,,,0,0,0
V3_C_NULL_GATING_AND_SAME_BRANCH,P08,positive,春节AI与机器人,False,True,True,True,True,-12,-12,0,,,,,0,0,0
V3_C_NULL_GATING_AND_SAME_BRANCH,P09,positive,二季度轮动,False,False,True,False,True,,27,,,,,,0,1,-1
V3_C_NULL_GATING_AND_SAME_BRANCH,P10,positive,二季度轮动,False,False,True,True,True,37,4,-33,,,,,-3,-2,-9
V3_C_NULL_GATING_AND_SAME_BRANCH,N01,negative,秋季政策行情,False,False,False,False,False,,,,0,0,0,0,0,0,0
V3_C_NULL_GATING_AND_SAME_BRANCH,N02,negative,秋季政策行情,False,False,True,True,True,22,-1,-23,0,0,0,2,-3,0,-1
V3_C_NULL_GATING_AND_SAME_BRANCH,N03,negative,秋季政策行情,False,False,False,False,False,,,,0,0,0,0,0,0,0
V3_C_NULL_GATING_AND_SAME_BRANCH,N04,negative,消费退潮及年末调整,False,False,False,False,False,,,,0,0,0,0,0,0,0
V3_C_NULL_GATING_AND_SAME_BRANCH,N05,negative,春节AI与机器人,True,True,True,True,True,-7,-8,-1,0,0,2,2,0,0,0
V3_C_NULL_GATING_AND_SAME_BRANCH,N06,negative,消费退潮及年末调整,True,False,False,True,True,-14,-14,0,0,0,0,0,0,0,0
V3_C_NULL_GATING_AND_SAME_BRANCH,N07,negative,消费退潮及年末调整,False,True,True,True,True,-1,-1,0,0,0,4,4,0,0,0
V3_C_NULL_GATING_AND_SAME_BRANCH,N08,negative,消费退潮及年末调整,False,False,False,False,False,,,,0,0,0,0,0,0,0
V3_C_NULL_GATING_AND_SAME_BRANCH,N09,negative,消费退潮及年末调整,False,True,True,True,True,-6,-6,0,0,0,2,2,0,0,0
V3_C_NULL_GATING_AND_SAME_BRANCH,N10,negative,秋季及消费红利,False,True,True,True,True,2,-21,-23,1,1,3,3,-3,0,-1
V3_C_NULL_GATING_AND_SAME_BRANCH,A01,ambiguous,春节AI与机器人,True,True,True,True,True,-30,-30,0,,,,,0,0,-1
V3_C_NULL_GATING_AND_SAME_BRANCH,A02,ambiguous,关税冲击后轮动,False,False,True,True,True,50,35,-15,,,,,-1,0,-4
V3_C_NULL_GATING_AND_SAME_BRANCH,A03,ambiguous,秋季政策行情,False,False,False,False,True,,-8,,,,,,0,2,3
V3_C_NULL_GATING_AND_SAME_BRANCH,A04,ambiguous,春节AI与机器人,False,False,False,False,False,,,,,,,,0,0,0
V3_C_NULL_GATING_AND_SAME_BRANCH,A05,ambiguous,关税冲击后轮动,False,False,False,False,False,,,,,,,,0,0,0
